date,region_code,region_name,lat,lon,production,unit
2015-01,R10,PADD 1 — East Coast,39.0,-77.0,1509.0,thousand barrels
2015-01,R20,PADD 2 — Midwest,41.5,-93.0,1902.0,thousand barrels
2015-01,R30,PADD 3 — Gulf Coast,29.8,-95.4,5562.0,thousand barrels
2015-01,R40,PADD 4 — Rocky Mountain,43.0,-107.0,746.0,thousand barrels
2015-01,R50,PADD 5 — West Coast,37.0,-120.0,1118.0,thousand barrels
2015-02,R10,PADD 1 — East Coast,39.0,-77.0,1452.0,thousand barrels
2015-02,R20,PADD 2 — Midwest,41.5,-93.0,1861.0,thousand barrels
2015-02,R30,PADD 3 — Gulf Coast,29.8,-95.4,5709.0,thousand barrels
2015-02,R40,PADD 4 — Rocky Mountain,43.0,-107.0,758.0,thousand barrels
2015-02,R50,PADD 5 — West Coast,37.0,-120.0,1105.0,thousand barrels
2015-03,R10,PADD 1 — East Coast,39.0,-77.0,1622.0,thousand barrels
2015-03,R20,PADD 2 — Midwest,41.5,-93.0,1928.0,thousand barrels
2015-03,R30,PADD 3 — Gulf Coast,29.8,-95.4,5715.0,thousand barrels
2015-03,R40,PADD 4 — Rocky Mountain,43.0,-107.0,771.0,thousand barrels
2015-03,R50,PADD 5 — West Coast,37.0,-120.0,1113.0,thousand barrels
2015-04,R10,PADD 1 — East Coast,39.0,-77.0,1510.0,thousand barrels
2015-04,R20,PADD 2 — Midwest,41.5,-93.0,1915.0,thousand barrels
2015-04,R30,PADD 3 — Gulf Coast,29.8,-95.4,5796.0,thousand barrels
2015-04,R40,PADD 4 — Rocky Mountain,43.0,-107.0,777.0,thousand barrels
2015-04,R50,PADD 5 — West Coast,37.0,-120.0,1114.0,thousand barrels
2015-05,R10,PADD 1 — East Coast,39.0,-77.0,1626.0,thousand barrels
2015-05,R20,PADD 2 — Midwest,41.5,-93.0,1933.0,thousand barrels
2015-05,R30,PADD 3 — Gulf Coast,29.8,-95.4,5635.0,thousand barrels
2015-05,R40,PADD 4 — Rocky Mountain,43.0,-107.0,766.0,thousand barrels
2015-05,R50,PADD 5 — West Coast,37.0,-120.0,1079.0,thousand barrels
2015-06,R10,PADD 1 — East Coast,39.0,-77.0,1566.0,thousand barrels
2015-06,R20,PADD 2 — Midwest,41.5,-93.0,1951.0,thousand barrels
2015-06,R30,PADD 3 — Gulf Coast,29.8,-95.4,5574.0,thousand barrels
2015-06,R40,PADD 4 — Rocky Mountain,43.0,-107.0,753.0,thousand barrels
2015-06,R50,PADD 5 — West Coast,37.0,-120.0,1021.0,thousand barrels
2015-07,R10,PADD 1 — East Coast,39.0,-77.0,1543.0,thousand barrels
2015-07,R20,PADD 2 — Midwest,41.5,-93.0,1919.0,thousand barrels
2015-07,R30,PADD 3 — Gulf Coast,29.8,-95.4,5698.0,thousand barrels
2015-07,R40,PADD 4 — Rocky Mountain,43.0,-107.0,755.0,thousand barrels
2015-07,R50,PADD 5 — West Coast,37.0,-120.0,1014.0,thousand barrels
2015-08,R10,PADD 1 — East Coast,39.0,-77.0,1453.0,thousand barrels
2015-08,R20,PADD 2 — Midwest,41.5,-93.0,1890.0,thousand barrels
2015-08,R30,PADD 3 — Gulf Coast,29.8,-95.4,5734.0,thousand barrels
2015-08,R40,PADD 4 — Rocky Mountain,43.0,-107.0,755.0,thousand barrels
2015-08,R50,PADD 5 — West Coast,37.0,-120.0,974.0,thousand barrels
2015-09,R10,PADD 1 — East Coast,39.0,-77.0,1390.0,thousand barrels
2015-09,R20,PADD 2 — Midwest,41.5,-93.0,1873.0,thousand barrels
2015-09,R30,PADD 3 — Gulf Coast,29.8,-95.4,5771.0,thousand barrels
2015-09,R40,PADD 4 — Rocky Mountain,43.0,-107.0,743.0,thousand barrels
2015-09,R50,PADD 5 — West Coast,37.0,-120.0,1038.0,thousand barrels
2015-10,R10,PADD 1 — East Coast,39.0,-77.0,1388.0,thousand barrels
2015-10,R20,PADD 2 — Midwest,41.5,-93.0,1889.0,thousand barrels
2015-10,R30,PADD 3 — Gulf Coast,29.8,-95.4,5659.0,thousand barrels
2015-10,R40,PADD 4 — Rocky Mountain,43.0,-107.0,742.0,thousand barrels
2015-10,R50,PADD 5 — West Coast,37.0,-120.0,1060.0,thousand barrels
2015-11,R10,PADD 1 — East Coast,39.0,-77.0,1334.0,thousand barrels
2015-11,R20,PADD 2 — Midwest,41.5,-93.0,1863.0,thousand barrels
2015-11,R30,PADD 3 — Gulf Coast,29.8,-95.4,5600.0,thousand barrels
2015-11,R40,PADD 4 — Rocky Mountain,43.0,-107.0,733.0,thousand barrels
2015-11,R50,PADD 5 — West Coast,37.0,-120.0,1087.0,thousand barrels
2015-12,R10,PADD 1 — East Coast,39.0,-77.0,1506.0,thousand barrels
2015-12,R20,PADD 2 — Midwest,41.5,-93.0,1869.0,thousand barrels
2015-12,R30,PADD 3 — Gulf Coast,29.8,-95.4,5553.0,thousand barrels
2015-12,R40,PADD 4 — Rocky Mountain,43.0,-107.0,719.0,thousand barrels
2015-12,R50,PADD 5 — West Coast,37.0,-120.0,1080.0,thousand barrels
2016-01,R10,PADD 1 — East Coast,39.0,-77.0,1442.0,thousand barrels
2016-01,R20,PADD 2 — Midwest,41.5,-93.0,1815.0,thousand barrels
2016-01,R30,PADD 3 — Gulf Coast,29.8,-95.4,5575.0,thousand barrels
2016-01,R40,PADD 4 — Rocky Mountain,43.0,-107.0,704.0,thousand barrels
2016-01,R50,PADD 5 — West Coast,37.0,-120.0,1072.0,thousand barrels
2016-02,R10,PADD 1 — East Coast,39.0,-77.0,1312.0,thousand barrels
2016-02,R20,PADD 2 — Midwest,41.5,-93.0,1761.0,thousand barrels
2016-02,R30,PADD 3 — Gulf Coast,29.8,-95.4,5523.0,thousand barrels
2016-02,R40,PADD 4 — Rocky Mountain,43.0,-107.0,688.0,thousand barrels
2016-02,R50,PADD 5 — West Coast,37.0,-120.0,1055.0,thousand barrels
2016-03,R10,PADD 1 — East Coast,39.0,-77.0,1367.0,thousand barrels
2016-03,R20,PADD 2 — Midwest,41.5,-93.0,1799.0,thousand barrels
2016-03,R30,PADD 3 — Gulf Coast,29.8,-95.4,5538.0,thousand barrels
2016-03,R40,PADD 4 — Rocky Mountain,43.0,-107.0,678.0,thousand barrels
2016-03,R50,PADD 5 — West Coast,37.0,-120.0,1057.0,thousand barrels
2016-04,R10,PADD 1 — East Coast,39.0,-77.0,1361.0,thousand barrels
2016-04,R20,PADD 2 — Midwest,41.5,-93.0,1681.0,thousand barrels
2016-04,R30,PADD 3 — Gulf Coast,29.8,-95.4,5462.0,thousand barrels
2016-04,R40,PADD 4 — Rocky Mountain,43.0,-107.0,674.0,thousand barrels
2016-04,R50,PADD 5 — West Coast,37.0,-120.0,1023.0,thousand barrels
2016-05,R10,PADD 1 — East Coast,39.0,-77.0,1388.0,thousand barrels
2016-05,R20,PADD 2 — Midwest,41.5,-93.0,1704.0,thousand barrels
2016-05,R30,PADD 3 — Gulf Coast,29.8,-95.4,5411.0,thousand barrels
2016-05,R40,PADD 4 — Rocky Mountain,43.0,-107.0,655.0,thousand barrels
2016-05,R50,PADD 5 — West Coast,37.0,-120.0,1031.0,thousand barrels
2016-06,R10,PADD 1 — East Coast,39.0,-77.0,1281.0,thousand barrels
2016-06,R20,PADD 2 — Midwest,41.5,-93.0,1690.0,thousand barrels
2016-06,R30,PADD 3 — Gulf Coast,29.8,-95.4,5337.0,thousand barrels
2016-06,R40,PADD 4 — Rocky Mountain,43.0,-107.0,645.0,thousand barrels
2016-06,R50,PADD 5 — West Coast,37.0,-120.0,971.0,thousand barrels
2016-07,R10,PADD 1 — East Coast,39.0,-77.0,1349.0,thousand barrels
2016-07,R20,PADD 2 — Midwest,41.5,-93.0,1661.0,thousand barrels
2016-07,R30,PADD 3 — Gulf Coast,29.8,-95.4,5353.0,thousand barrels
2016-07,R40,PADD 4 — Rocky Mountain,43.0,-107.0,657.0,thousand barrels
2016-07,R50,PADD 5 — West Coast,37.0,-120.0,961.0,thousand barrels
2016-08,R10,PADD 1 — East Coast,39.0,-77.0,1374.0,thousand barrels
2016-08,R20,PADD 2 — Midwest,41.5,-93.0,1617.0,thousand barrels
2016-08,R30,PADD 3 — Gulf Coast,29.8,-95.4,5400.0,thousand barrels
2016-08,R40,PADD 4 — Rocky Mountain,43.0,-107.0,654.0,thousand barrels
2016-08,R50,PADD 5 — West Coast,37.0,-120.0,985.0,thousand barrels
2016-09,R10,PADD 1 — East Coast,39.0,-77.0,1233.0,thousand barrels
2016-09,R20,PADD 2 — Midwest,41.5,-93.0,1601.0,thousand barrels
2016-09,R30,PADD 3 — Gulf Coast,29.8,-95.4,5285.0,thousand barrels
2016-09,R40,PADD 4 — Rocky Mountain,43.0,-107.0,651.0,thousand barrels
2016-09,R50,PADD 5 — West Coast,37.0,-120.0,975.0,thousand barrels
2016-10,R10,PADD 1 — East Coast,39.0,-77.0,1280.0,thousand barrels
2016-10,R20,PADD 2 — Midwest,41.5,-93.0,1678.0,thousand barrels
2016-10,R30,PADD 3 — Gulf Coast,29.8,-95.4,5423.0,thousand barrels
2016-10,R40,PADD 4 — Rocky Mountain,43.0,-107.0,658.0,thousand barrels
2016-10,R50,PADD 5 — West Coast,37.0,-120.0,1014.0,thousand barrels
2016-11,R10,PADD 1 — East Coast,39.0,-77.0,1289.0,thousand barrels
2016-11,R20,PADD 2 — Midwest,41.5,-93.0,1678.0,thousand barrels
2016-11,R30,PADD 3 — Gulf Coast,29.8,-95.4,5511.0,thousand barrels
2016-11,R40,PADD 4 — Rocky Mountain,43.0,-107.0,654.0,thousand barrels
2016-11,R50,PADD 5 — West Coast,37.0,-120.0,1030.0,thousand barrels
2016-12,R10,PADD 1 — East Coast,39.0,-77.0,1297.0,thousand barrels
2016-12,R20,PADD 2 — Midwest,41.5,-93.0,1571.0,thousand barrels
2016-12,R30,PADD 3 — Gulf Coast,29.8,-95.4,5562.0,thousand barrels
2016-12,R40,PADD 4 — Rocky Mountain,43.0,-107.0,634.0,thousand barrels
2016-12,R50,PADD 5 — West Coast,37.0,-120.0,1018.0,thousand barrels
2017-01,R10,PADD 1 — East Coast,39.0,-77.0,1315.0,thousand barrels
2017-01,R20,PADD 2 — Midwest,41.5,-93.0,1601.0,thousand barrels
2017-01,R30,PADD 3 — Gulf Coast,29.8,-95.4,5597.0,thousand barrels
2017-01,R40,PADD 4 — Rocky Mountain,43.0,-107.0,622.0,thousand barrels
2017-01,R50,PADD 5 — West Coast,37.0,-120.0,1019.0,thousand barrels
2017-02,R10,PADD 1 — East Coast,39.0,-77.0,1181.0,thousand barrels
2017-02,R20,PADD 2 — Midwest,41.5,-93.0,1679.0,thousand barrels
2017-02,R30,PADD 3 — Gulf Coast,29.8,-95.4,5740.0,thousand barrels
2017-02,R40,PADD 4 — Rocky Mountain,43.0,-107.0,632.0,thousand barrels
2017-02,R50,PADD 5 — West Coast,37.0,-120.0,1027.0,thousand barrels
2017-03,R10,PADD 1 — East Coast,39.0,-77.0,1290.0,thousand barrels
2017-03,R20,PADD 2 — Midwest,41.5,-93.0,1684.0,thousand barrels
2017-03,R30,PADD 3 — Gulf Coast,29.8,-95.4,5771.0,thousand barrels
2017-03,R40,PADD 4 — Rocky Mountain,43.0,-107.0,660.0,thousand barrels
2017-03,R50,PADD 5 — West Coast,37.0,-120.0,1023.0,thousand barrels
2017-04,R10,PADD 1 — East Coast,39.0,-77.0,1297.0,thousand barrels
2017-04,R20,PADD 2 — Midwest,41.5,-93.0,1698.0,thousand barrels
2017-04,R30,PADD 3 — Gulf Coast,29.8,-95.4,5673.0,thousand barrels
2017-04,R40,PADD 4 — Rocky Mountain,43.0,-107.0,679.0,thousand barrels
2017-04,R50,PADD 5 — West Coast,37.0,-120.0,1023.0,thousand barrels
2017-05,R10,PADD 1 — East Coast,39.0,-77.0,1366.0,thousand barrels
2017-05,R20,PADD 2 — Midwest,41.5,-93.0,1683.0,thousand barrels
2017-05,R30,PADD 3 — Gulf Coast,29.8,-95.4,5785.0,thousand barrels
2017-05,R40,PADD 4 — Rocky Mountain,43.0,-107.0,688.0,thousand barrels
2017-05,R50,PADD 5 — West Coast,37.0,-120.0,1003.0,thousand barrels
2017-06,R10,PADD 1 — East Coast,39.0,-77.0,1323.0,thousand barrels
2017-06,R20,PADD 2 — Midwest,41.5,-93.0,1703.0,thousand barrels
2017-06,R30,PADD 3 — Gulf Coast,29.8,-95.4,5735.0,thousand barrels
2017-06,R40,PADD 4 — Rocky Mountain,43.0,-107.0,688.0,thousand barrels
2017-06,R50,PADD 5 — West Coast,37.0,-120.0,953.0,thousand barrels
2017-07,R10,PADD 1 — East Coast,39.0,-77.0,1496.0,thousand barrels
2017-07,R20,PADD 2 — Midwest,41.5,-93.0,1704.0,thousand barrels
2017-07,R30,PADD 3 — Gulf Coast,29.8,-95.4,5891.0,thousand barrels
2017-07,R40,PADD 4 — Rocky Mountain,43.0,-107.0,703.0,thousand barrels
2017-07,R50,PADD 5 — West Coast,37.0,-120.0,922.0,thousand barrels
2017-08,R10,PADD 1 — East Coast,39.0,-77.0,1516.0,thousand barrels
2017-08,R20,PADD 2 — Midwest,41.5,-93.0,1770.0,thousand barrels
2017-08,R30,PADD 3 — Gulf Coast,29.8,-95.4,5767.0,thousand barrels
2017-08,R40,PADD 4 — Rocky Mountain,43.0,-107.0,738.0,thousand barrels
2017-08,R50,PADD 5 — West Coast,37.0,-120.0,950.0,thousand barrels
2017-09,R10,PADD 1 — East Coast,39.0,-77.0,1408.0,thousand barrels
2017-09,R20,PADD 2 — Midwest,41.5,-93.0,1781.0,thousand barrels
2017-09,R30,PADD 3 — Gulf Coast,29.8,-95.4,5962.0,thousand barrels
2017-09,R40,PADD 4 — Rocky Mountain,43.0,-107.0,769.0,thousand barrels
2017-09,R50,PADD 5 — West Coast,37.0,-120.0,967.0,thousand barrels
2017-10,R10,PADD 1 — East Coast,39.0,-77.0,1660.0,thousand barrels
2017-10,R20,PADD 2 — Midwest,41.5,-93.0,1875.0,thousand barrels
2017-10,R30,PADD 3 — Gulf Coast,29.8,-95.4,5977.0,thousand barrels
2017-10,R40,PADD 4 — Rocky Mountain,43.0,-107.0,783.0,thousand barrels
2017-10,R50,PADD 5 — West Coast,37.0,-120.0,992.0,thousand barrels
2017-11,R10,PADD 1 — East Coast,39.0,-77.0,1629.0,thousand barrels
2017-11,R20,PADD 2 — Midwest,41.5,-93.0,1917.0,thousand barrels
2017-11,R30,PADD 3 — Gulf Coast,29.8,-95.4,6336.0,thousand barrels
2017-11,R40,PADD 4 — Rocky Mountain,43.0,-107.0,800.0,thousand barrels
2017-11,R50,PADD 5 — West Coast,37.0,-120.0,994.0,thousand barrels
2017-12,R10,PADD 1 — East Coast,39.0,-77.0,1647.0,thousand barrels
2017-12,R20,PADD 2 — Midwest,41.5,-93.0,1887.0,thousand barrels
2017-12,R30,PADD 3 — Gulf Coast,29.8,-95.4,6273.0,thousand barrels
2017-12,R40,PADD 4 — Rocky Mountain,43.0,-107.0,811.0,thousand barrels
2017-12,R50,PADD 5 — West Coast,37.0,-120.0,983.0,thousand barrels
2018-01,R10,PADD 1 — East Coast,39.0,-77.0,1637.0,thousand barrels
2018-01,R20,PADD 2 — Midwest,41.5,-93.0,1901.0,thousand barrels
2018-01,R30,PADD 3 — Gulf Coast,29.8,-95.4,6275.0,thousand barrels
2018-01,R40,PADD 4 — Rocky Mountain,43.0,-107.0,810.0,thousand barrels
2018-01,R50,PADD 5 — West Coast,37.0,-120.0,976.0,thousand barrels
2018-02,R10,PADD 1 — East Coast,39.0,-77.0,1478.0,thousand barrels
2018-02,R20,PADD 2 — Midwest,41.5,-93.0,1908.0,thousand barrels
2018-02,R30,PADD 3 — Gulf Coast,29.8,-95.4,6536.0,thousand barrels
2018-02,R40,PADD 4 — Rocky Mountain,43.0,-107.0,806.0,thousand barrels
2018-02,R50,PADD 5 — West Coast,37.0,-120.0,994.0,thousand barrels
2018-03,R10,PADD 1 — East Coast,39.0,-77.0,1673.0,thousand barrels
2018-03,R20,PADD 2 — Midwest,41.5,-93.0,1930.0,thousand barrels
2018-03,R30,PADD 3 — Gulf Coast,29.8,-95.4,6718.0,thousand barrels
2018-03,R40,PADD 4 — Rocky Mountain,43.0,-107.0,825.0,thousand barrels
2018-03,R50,PADD 5 — West Coast,37.0,-120.0,955.0,thousand barrels
2018-04,R10,PADD 1 — East Coast,39.0,-77.0,1614.0,thousand barrels
2018-04,R20,PADD 2 — Midwest,41.5,-93.0,1969.0,thousand barrels
2018-04,R30,PADD 3 — Gulf Coast,29.8,-95.4,6686.0,thousand barrels
2018-04,R40,PADD 4 — Rocky Mountain,43.0,-107.0,837.0,thousand barrels
2018-04,R50,PADD 5 — West Coast,37.0,-120.0,965.0,thousand barrels
2018-05,R10,PADD 1 — East Coast,39.0,-77.0,1657.0,thousand barrels
2018-05,R20,PADD 2 — Midwest,41.5,-93.0,1997.0,thousand barrels
2018-05,R30,PADD 3 — Gulf Coast,29.8,-95.4,6634.0,thousand barrels
2018-05,R40,PADD 4 — Rocky Mountain,43.0,-107.0,829.0,thousand barrels
2018-05,R50,PADD 5 — West Coast,37.0,-120.0,936.0,thousand barrels
2018-06,R10,PADD 1 — East Coast,39.0,-77.0,1636.0,thousand barrels
2018-06,R20,PADD 2 — Midwest,41.5,-93.0,1962.0,thousand barrels
2018-06,R30,PADD 3 — Gulf Coast,29.8,-95.4,6904.0,thousand barrels
2018-06,R40,PADD 4 — Rocky Mountain,43.0,-107.0,806.0,thousand barrels
2018-06,R50,PADD 5 — West Coast,37.0,-120.0,930.0,thousand barrels
2018-07,R10,PADD 1 — East Coast,39.0,-77.0,1770.0,thousand barrels
2018-07,R20,PADD 2 — Midwest,41.5,-93.0,2025.0,thousand barrels
2018-07,R30,PADD 3 — Gulf Coast,29.8,-95.4,7162.0,thousand barrels
2018-07,R40,PADD 4 — Rocky Mountain,43.0,-107.0,829.0,thousand barrels
2018-07,R50,PADD 5 — West Coast,37.0,-120.0,849.0,thousand barrels
2018-08,R10,PADD 1 — East Coast,39.0,-77.0,1919.0,thousand barrels
2018-08,R20,PADD 2 — Midwest,41.5,-93.0,2104.0,thousand barrels
2018-08,R30,PADD 3 — Gulf Coast,29.8,-95.4,7458.0,thousand barrels
2018-08,R40,PADD 4 — Rocky Mountain,43.0,-107.0,894.0,thousand barrels
2018-08,R50,PADD 5 — West Coast,37.0,-120.0,897.0,thousand barrels
2018-09,R10,PADD 1 — East Coast,39.0,-77.0,1992.0,thousand barrels
2018-09,R20,PADD 2 — Midwest,41.5,-93.0,2139.0,thousand barrels
2018-09,R30,PADD 3 — Gulf Coast,29.8,-95.4,7414.0,thousand barrels
2018-09,R40,PADD 4 — Rocky Mountain,43.0,-107.0,919.0,thousand barrels
2018-09,R50,PADD 5 — West Coast,37.0,-120.0,928.0,thousand barrels
2018-10,R10,PADD 1 — East Coast,39.0,-77.0,2130.0,thousand barrels
2018-10,R20,PADD 2 — Midwest,41.5,-93.0,2191.0,thousand barrels
2018-10,R30,PADD 3 — Gulf Coast,29.8,-95.4,7431.0,thousand barrels
2018-10,R40,PADD 4 — Rocky Mountain,43.0,-107.0,923.0,thousand barrels
2018-10,R50,PADD 5 — West Coast,37.0,-120.0,914.0,thousand barrels
2018-11,R10,PADD 1 — East Coast,39.0,-77.0,1871.0,thousand barrels
2018-11,R20,PADD 2 — Midwest,41.5,-93.0,2183.0,thousand barrels
2018-11,R30,PADD 3 — Gulf Coast,29.8,-95.4,7767.0,thousand barrels
2018-11,R40,PADD 4 — Rocky Mountain,43.0,-107.0,949.0,thousand barrels
2018-11,R50,PADD 5 — West Coast,37.0,-120.0,949.0,thousand barrels
2018-12,R10,PADD 1 — East Coast,39.0,-77.0,1904.0,thousand barrels
2018-12,R20,PADD 2 — Midwest,41.5,-93.0,2231.0,thousand barrels
2018-12,R30,PADD 3 — Gulf Coast,29.8,-95.4,7813.0,thousand barrels
2018-12,R40,PADD 4 — Rocky Mountain,43.0,-107.0,953.0,thousand barrels
2018-12,R50,PADD 5 — West Coast,37.0,-120.0,912.0,thousand barrels
2019-01,R10,PADD 1 — East Coast,39.0,-77.0,2072.0,thousand barrels
2019-01,R20,PADD 2 — Midwest,41.5,-93.0,2207.0,thousand barrels
2019-01,R30,PADD 3 — Gulf Coast,29.8,-95.4,7739.0,thousand barrels
2019-01,R40,PADD 4 — Rocky Mountain,43.0,-107.0,935.0,thousand barrels
2019-01,R50,PADD 5 — West Coast,37.0,-120.0,946.0,thousand barrels
2019-02,R10,PADD 1 — East Coast,39.0,-77.0,1715.0,thousand barrels
2019-02,R20,PADD 2 — Midwest,41.5,-93.0,2118.0,thousand barrels
2019-02,R30,PADD 3 — Gulf Coast,29.8,-95.4,7648.0,thousand barrels
2019-02,R40,PADD 4 — Rocky Mountain,43.0,-107.0,924.0,thousand barrels
2019-02,R50,PADD 5 — West Coast,37.0,-120.0,941.0,thousand barrels
2019-03,R10,PADD 1 — East Coast,39.0,-77.0,1759.0,thousand barrels
2019-03,R20,PADD 2 — Midwest,41.5,-93.0,2199.0,thousand barrels
2019-03,R30,PADD 3 — Gulf Coast,29.8,-95.4,7859.0,thousand barrels
2019-03,R40,PADD 4 — Rocky Mountain,43.0,-107.0,908.0,thousand barrels
2019-03,R50,PADD 5 — West Coast,37.0,-120.0,908.0,thousand barrels
2019-04,R10,PADD 1 — East Coast,39.0,-77.0,1936.0,thousand barrels
2019-04,R20,PADD 2 — Midwest,41.5,-93.0,2223.0,thousand barrels
2019-04,R30,PADD 3 — Gulf Coast,29.8,-95.4,8006.0,thousand barrels
2019-04,R40,PADD 4 — Rocky Mountain,43.0,-107.0,945.0,thousand barrels
2019-04,R50,PADD 5 — West Coast,37.0,-120.0,925.0,thousand barrels
2019-05,R10,PADD 1 — East Coast,39.0,-77.0,2007.0,thousand barrels
2019-05,R20,PADD 2 — Midwest,41.5,-93.0,2209.0,thousand barrels
2019-05,R30,PADD 3 — Gulf Coast,29.8,-95.4,8010.0,thousand barrels
2019-05,R40,PADD 4 — Rocky Mountain,43.0,-107.0,962.0,thousand barrels
2019-05,R50,PADD 5 — West Coast,37.0,-120.0,923.0,thousand barrels
2019-06,R10,PADD 1 — East Coast,39.0,-77.0,2071.0,thousand barrels
2019-06,R20,PADD 2 — Midwest,41.5,-93.0,2240.0,thousand barrels
2019-06,R30,PADD 3 — Gulf Coast,29.8,-95.4,8055.0,thousand barrels
2019-06,R40,PADD 4 — Rocky Mountain,43.0,-107.0,967.0,thousand barrels
2019-06,R50,PADD 5 — West Coast,37.0,-120.0,906.0,thousand barrels
2019-07,R10,PADD 1 — East Coast,39.0,-77.0,2274.0,thousand barrels
2019-07,R20,PADD 2 — Midwest,41.5,-93.0,2270.0,thousand barrels
2019-07,R30,PADD 3 — Gulf Coast,29.8,-95.4,7723.0,thousand barrels
2019-07,R40,PADD 4 — Rocky Mountain,43.0,-107.0,963.0,thousand barrels
2019-07,R50,PADD 5 — West Coast,37.0,-120.0,895.0,thousand barrels
2019-08,R10,PADD 1 — East Coast,39.0,-77.0,2366.0,thousand barrels
2019-08,R20,PADD 2 — Midwest,41.5,-93.0,2283.0,thousand barrels
2019-08,R30,PADD 3 — Gulf Coast,29.8,-95.4,8351.0,thousand barrels
2019-08,R40,PADD 4 — Rocky Mountain,43.0,-107.0,973.0,thousand barrels
2019-08,R50,PADD 5 — West Coast,37.0,-120.0,821.0,thousand barrels
2019-09,R10,PADD 1 — East Coast,39.0,-77.0,2391.0,thousand barrels
2019-09,R20,PADD 2 — Midwest,41.5,-93.0,2304.0,thousand barrels
2019-09,R30,PADD 3 — Gulf Coast,29.8,-95.4,8355.0,thousand barrels
2019-09,R40,PADD 4 — Rocky Mountain,43.0,-107.0,983.0,thousand barrels
2019-09,R50,PADD 5 — West Coast,37.0,-120.0,892.0,thousand barrels
2019-10,R10,PADD 1 — East Coast,39.0,-77.0,2620.0,thousand barrels
2019-10,R20,PADD 2 — Midwest,41.5,-93.0,2367.0,thousand barrels
2019-10,R30,PADD 3 — Gulf Coast,29.8,-95.4,8442.0,thousand barrels
2019-10,R40,PADD 4 — Rocky Mountain,43.0,-107.0,1025.0,thousand barrels
2019-10,R50,PADD 5 — West Coast,37.0,-120.0,914.0,thousand barrels
2019-11,R10,PADD 1 — East Coast,39.0,-77.0,2421.0,thousand barrels
2019-11,R20,PADD 2 — Midwest,41.5,-93.0,2332.0,thousand barrels
2019-11,R30,PADD 3 — Gulf Coast,29.8,-95.4,8649.0,thousand barrels
2019-11,R40,PADD 4 — Rocky Mountain,43.0,-107.0,1039.0,thousand barrels
2019-11,R50,PADD 5 — West Coast,37.0,-120.0,919.0,thousand barrels
2019-12,R10,PADD 1 — East Coast,39.0,-77.0,2399.0,thousand barrels
2019-12,R20,PADD 2 — Midwest,41.5,-93.0,2325.0,thousand barrels
2019-12,R30,PADD 3 — Gulf Coast,29.8,-95.4,8678.0,thousand barrels
2019-12,R40,PADD 4 — Rocky Mountain,43.0,-107.0,1023.0,thousand barrels
2019-12,R50,PADD 5 — West Coast,37.0,-120.0,899.0,thousand barrels
2020-01,R10,PADD 1 — East Coast,39.0,-77.0,2495.0,thousand barrels
2020-01,R20,PADD 2 — Midwest,41.5,-93.0,2205.0,thousand barrels
2020-01,R30,PADD 3 — Gulf Coast,29.8,-95.4,8708.0,thousand barrels
2020-01,R40,PADD 4 — Rocky Mountain,43.0,-107.0,992.0,thousand barrels
2020-01,R50,PADD 5 — West Coast,37.0,-120.0,898.0,thousand barrels
2020-02,R10,PADD 1 — East Coast,39.0,-77.0,2319.0,thousand barrels
2020-02,R20,PADD 2 — Midwest,41.5,-93.0,2236.0,thousand barrels
2020-02,R30,PADD 3 — Gulf Coast,29.8,-95.4,8687.0,thousand barrels
2020-02,R40,PADD 4 — Rocky Mountain,43.0,-107.0,964.0,thousand barrels
2020-02,R50,PADD 5 — West Coast,37.0,-120.0,913.0,thousand barrels
2020-03,R10,PADD 1 — East Coast,39.0,-77.0,2204.0,thousand barrels
2020-03,R20,PADD 2 — Midwest,41.5,-93.0,2191.0,thousand barrels
2020-03,R30,PADD 3 — Gulf Coast,29.8,-95.4,8738.0,thousand barrels
2020-03,R40,PADD 4 — Rocky Mountain,43.0,-107.0,959.0,thousand barrels
2020-03,R50,PADD 5 — West Coast,37.0,-120.0,859.0,thousand barrels
2020-04,R10,PADD 1 — East Coast,39.0,-77.0,1953.0,thousand barrels
2020-04,R20,PADD 2 — Midwest,41.5,-93.0,1874.0,thousand barrels
2020-04,R30,PADD 3 — Gulf Coast,29.8,-95.4,8219.0,thousand barrels
2020-04,R40,PADD 4 — Rocky Mountain,43.0,-107.0,886.0,thousand barrels
2020-04,R50,PADD 5 — West Coast,37.0,-120.0,888.0,thousand barrels
2020-05,R10,PADD 1 — East Coast,39.0,-77.0,1885.0,thousand barrels
2020-05,R20,PADD 2 — Midwest,41.5,-93.0,1326.0,thousand barrels
2020-05,R30,PADD 3 — Gulf Coast,29.8,-95.4,6802.0,thousand barrels
2020-05,R40,PADD 4 — Rocky Mountain,43.0,-107.0,741.0,thousand barrels
2020-05,R50,PADD 5 — West Coast,37.0,-120.0,804.0,thousand barrels
2020-06,R10,PADD 1 — East Coast,39.0,-77.0,1985.0,thousand barrels
2020-06,R20,PADD 2 — Midwest,41.5,-93.0,1559.0,thousand barrels
2020-06,R30,PADD 3 — Gulf Coast,29.8,-95.4,7256.0,thousand barrels
2020-06,R40,PADD 4 — Rocky Mountain,43.0,-107.0,807.0,thousand barrels
2020-06,R50,PADD 5 — West Coast,37.0,-120.0,775.0,thousand barrels
2020-07,R10,PADD 1 — East Coast,39.0,-77.0,2005.0,thousand barrels
2020-07,R20,PADD 2 — Midwest,41.5,-93.0,1735.0,thousand barrels
2020-07,R30,PADD 3 — Gulf Coast,29.8,-95.4,7530.0,thousand barrels
2020-07,R40,PADD 4 — Rocky Mountain,43.0,-107.0,843.0,thousand barrels
2020-07,R50,PADD 5 — West Coast,37.0,-120.0,851.0,thousand barrels
2020-08,R10,PADD 1 — East Coast,39.0,-77.0,2275.0,thousand barrels
2020-08,R20,PADD 2 — Midwest,41.5,-93.0,1830.0,thousand barrels
2020-08,R30,PADD 3 — Gulf Coast,29.8,-95.4,7023.0,thousand barrels
2020-08,R40,PADD 4 — Rocky Mountain,43.0,-107.0,845.0,thousand barrels
2020-08,R50,PADD 5 — West Coast,37.0,-120.0,840.0,thousand barrels
2020-09,R10,PADD 1 — East Coast,39.0,-77.0,2411.0,thousand barrels
2020-09,R20,PADD 2 — Midwest,41.5,-93.0,1865.0,thousand barrels
2020-09,R30,PADD 3 — Gulf Coast,29.8,-95.4,7358.0,thousand barrels
2020-09,R40,PADD 4 — Rocky Mountain,43.0,-107.0,820.0,thousand barrels
2020-09,R50,PADD 5 — West Coast,37.0,-120.0,852.0,thousand barrels
2020-10,R10,PADD 1 — East Coast,39.0,-77.0,2397.0,thousand barrels
2020-10,R20,PADD 2 — Midwest,41.5,-93.0,1845.0,thousand barrels
2020-10,R30,PADD 3 — Gulf Coast,29.8,-95.4,6942.0,thousand barrels
2020-10,R40,PADD 4 — Rocky Mountain,43.0,-107.0,785.0,thousand barrels
2020-10,R50,PADD 5 — West Coast,37.0,-120.0,854.0,thousand barrels
2020-11,R10,PADD 1 — East Coast,39.0,-77.0,2253.0,thousand barrels
2020-11,R20,PADD 2 — Midwest,41.5,-93.0,1876.0,thousand barrels
2020-11,R30,PADD 3 — Gulf Coast,29.8,-95.4,7634.0,thousand barrels
2020-11,R40,PADD 4 — Rocky Mountain,43.0,-107.0,781.0,thousand barrels
2020-11,R50,PADD 5 — West Coast,37.0,-120.0,870.0,thousand barrels
2020-12,R10,PADD 1 — East Coast,39.0,-77.0,2307.0,thousand barrels
2020-12,R20,PADD 2 — Midwest,41.5,-93.0,1826.0,thousand barrels
2020-12,R30,PADD 3 — Gulf Coast,29.8,-95.4,7666.0,thousand barrels
2020-12,R40,PADD 4 — Rocky Mountain,43.0,-107.0,765.0,thousand barrels
2020-12,R50,PADD 5 — West Coast,37.0,-120.0,867.0,thousand barrels
2021-01,R10,PADD 1 — East Coast,39.0,-77.0,2357.0,thousand barrels
2021-01,R20,PADD 2 — Midwest,41.5,-93.0,1766.0,thousand barrels
2021-01,R30,PADD 3 — Gulf Coast,29.8,-95.4,7703.0,thousand barrels
2021-01,R40,PADD 4 — Rocky Mountain,43.0,-107.0,775.0,thousand barrels
2021-01,R50,PADD 5 — West Coast,37.0,-120.0,847.0,thousand barrels
2021-02,R10,PADD 1 — East Coast,39.0,-77.0,1983.0,thousand barrels
2021-02,R20,PADD 2 — Midwest,41.5,-93.0,1572.0,thousand barrels
2021-02,R30,PADD 3 — Gulf Coast,29.8,-95.4,6706.0,thousand barrels
2021-02,R40,PADD 4 — Rocky Mountain,43.0,-107.0,753.0,thousand barrels
2021-02,R50,PADD 5 — West Coast,37.0,-120.0,850.0,thousand barrels
2021-03,R10,PADD 1 — East Coast,39.0,-77.0,2326.0,thousand barrels
2021-03,R20,PADD 2 — Midwest,41.5,-93.0,1719.0,thousand barrels
2021-03,R30,PADD 3 — Gulf Coast,29.8,-95.4,7994.0,thousand barrels
2021-03,R40,PADD 4 — Rocky Mountain,43.0,-107.0,755.0,thousand barrels
2021-03,R50,PADD 5 — West Coast,37.0,-120.0,844.0,thousand barrels
2021-04,R10,PADD 1 — East Coast,39.0,-77.0,2383.0,thousand barrels
2021-04,R20,PADD 2 — Midwest,41.5,-93.0,1719.0,thousand barrels
2021-04,R30,PADD 3 — Gulf Coast,29.8,-95.4,7932.0,thousand barrels
2021-04,R40,PADD 4 — Rocky Mountain,43.0,-107.0,797.0,thousand barrels
2021-04,R50,PADD 5 — West Coast,37.0,-120.0,838.0,thousand barrels
2021-05,R10,PADD 1 — East Coast,39.0,-77.0,2380.0,thousand barrels
2021-05,R20,PADD 2 — Midwest,41.5,-93.0,1730.0,thousand barrels
2021-05,R30,PADD 3 — Gulf Coast,29.8,-95.4,8005.0,thousand barrels
2021-05,R40,PADD 4 — Rocky Mountain,43.0,-107.0,794.0,thousand barrels
2021-05,R50,PADD 5 — West Coast,37.0,-120.0,831.0,thousand barrels
2021-06,R10,PADD 1 — East Coast,39.0,-77.0,2191.0,thousand barrels
2021-06,R20,PADD 2 — Midwest,41.5,-93.0,1725.0,thousand barrels
2021-06,R30,PADD 3 — Gulf Coast,29.8,-95.4,7997.0,thousand barrels
2021-06,R40,PADD 4 — Rocky Mountain,43.0,-107.0,784.0,thousand barrels
2021-06,R50,PADD 5 — West Coast,37.0,-120.0,831.0,thousand barrels
2021-07,R10,PADD 1 — East Coast,39.0,-77.0,2074.0,thousand barrels
2021-07,R20,PADD 2 — Midwest,41.5,-93.0,1654.0,thousand barrels
2021-07,R30,PADD 3 — Gulf Coast,29.8,-95.4,8142.0,thousand barrels
2021-07,R40,PADD 4 — Rocky Mountain,43.0,-107.0,795.0,thousand barrels
2021-07,R50,PADD 5 — West Coast,37.0,-120.0,771.0,thousand barrels
2021-08,R10,PADD 1 — East Coast,39.0,-77.0,2240.0,thousand barrels
2021-08,R20,PADD 2 — Midwest,41.5,-93.0,1681.0,thousand barrels
2021-08,R30,PADD 3 — Gulf Coast,29.8,-95.4,7971.0,thousand barrels
2021-08,R40,PADD 4 — Rocky Mountain,43.0,-107.0,807.0,thousand barrels
2021-08,R50,PADD 5 — West Coast,37.0,-120.0,796.0,thousand barrels
2021-09,R10,PADD 1 — East Coast,39.0,-77.0,2230.0,thousand barrels
2021-09,R20,PADD 2 — Midwest,41.5,-93.0,1713.0,thousand barrels
2021-09,R30,PADD 3 — Gulf Coast,29.8,-95.4,7541.0,thousand barrels
2021-09,R40,PADD 4 — Rocky Mountain,43.0,-107.0,822.0,thousand barrels
2021-09,R50,PADD 5 — West Coast,37.0,-120.0,820.0,thousand barrels
2021-10,R10,PADD 1 — East Coast,39.0,-77.0,1966.0,thousand barrels
2021-10,R20,PADD 2 — Midwest,41.5,-93.0,1702.0,thousand barrels
2021-10,R30,PADD 3 — Gulf Coast,29.8,-95.4,8216.0,thousand barrels
2021-10,R40,PADD 4 — Rocky Mountain,43.0,-107.0,858.0,thousand barrels
2021-10,R50,PADD 5 — West Coast,37.0,-120.0,810.0,thousand barrels
2021-11,R10,PADD 1 — East Coast,39.0,-77.0,1886.0,thousand barrels
2021-11,R20,PADD 2 — Midwest,41.5,-93.0,1741.0,thousand barrels
2021-11,R30,PADD 3 — Gulf Coast,29.8,-95.4,8385.0,thousand barrels
2021-11,R40,PADD 4 — Rocky Mountain,43.0,-107.0,861.0,thousand barrels
2021-11,R50,PADD 5 — West Coast,37.0,-120.0,833.0,thousand barrels
2021-12,R10,PADD 1 — East Coast,39.0,-77.0,1865.0,thousand barrels
2021-12,R20,PADD 2 — Midwest,41.5,-93.0,1744.0,thousand barrels
2021-12,R30,PADD 3 — Gulf Coast,29.8,-95.4,8292.0,thousand barrels
2021-12,R40,PADD 4 — Rocky Mountain,43.0,-107.0,856.0,thousand barrels
2021-12,R50,PADD 5 — West Coast,37.0,-120.0,830.0,thousand barrels
2022-01,R10,PADD 1 — East Coast,39.0,-77.0,1845.0,thousand barrels
2022-01,R20,PADD 2 — Midwest,41.5,-93.0,1660.0,thousand barrels
2022-01,R30,PADD 3 — Gulf Coast,29.8,-95.4,8116.0,thousand barrels
2022-01,R40,PADD 4 — Rocky Mountain,43.0,-107.0,828.0,thousand barrels
2022-01,R50,PADD 5 — West Coast,37.0,-120.0,808.0,thousand barrels
2022-02,R10,PADD 1 — East Coast,39.0,-77.0,1698.0,thousand barrels
2022-02,R20,PADD 2 — Midwest,41.5,-93.0,1670.0,thousand barrels
2022-02,R30,PADD 3 — Gulf Coast,29.8,-95.4,8121.0,thousand barrels
2022-02,R40,PADD 4 — Rocky Mountain,43.0,-107.0,842.0,thousand barrels
2022-02,R50,PADD 5 — West Coast,37.0,-120.0,824.0,thousand barrels
2022-03,R10,PADD 1 — East Coast,39.0,-77.0,2052.0,thousand barrels
2022-03,R20,PADD 2 — Midwest,41.5,-93.0,1744.0,thousand barrels
2022-03,R30,PADD 3 — Gulf Coast,29.8,-95.4,8419.0,thousand barrels
2022-03,R40,PADD 4 — Rocky Mountain,43.0,-107.0,864.0,thousand barrels
2022-03,R50,PADD 5 — West Coast,37.0,-120.0,808.0,thousand barrels
2022-04,R10,PADD 1 — East Coast,39.0,-77.0,1903.0,thousand barrels
2022-04,R20,PADD 2 — Midwest,41.5,-93.0,1529.0,thousand barrels
2022-04,R30,PADD 3 — Gulf Coast,29.8,-95.4,8576.0,thousand barrels
2022-04,R40,PADD 4 — Rocky Mountain,43.0,-107.0,865.0,thousand barrels
2022-04,R50,PADD 5 — West Coast,37.0,-120.0,811.0,thousand barrels
2022-05,R10,PADD 1 — East Coast,39.0,-77.0,1885.0,thousand barrels
2022-05,R20,PADD 2 — Midwest,41.5,-93.0,1675.0,thousand barrels
2022-05,R30,PADD 3 — Gulf Coast,29.8,-95.4,8396.0,thousand barrels
2022-05,R40,PADD 4 — Rocky Mountain,43.0,-107.0,865.0,thousand barrels
2022-05,R50,PADD 5 — West Coast,37.0,-120.0,785.0,thousand barrels
2022-06,R10,PADD 1 — East Coast,39.0,-77.0,1701.0,thousand barrels
2022-06,R20,PADD 2 — Midwest,41.5,-93.0,1717.0,thousand barrels
2022-06,R30,PADD 3 — Gulf Coast,29.8,-95.4,8542.0,thousand barrels
2022-06,R40,PADD 4 — Rocky Mountain,43.0,-107.0,870.0,thousand barrels
2022-06,R50,PADD 5 — West Coast,37.0,-120.0,757.0,thousand barrels
2022-07,R10,PADD 1 — East Coast,39.0,-77.0,1914.0,thousand barrels
2022-07,R20,PADD 2 — Midwest,41.5,-93.0,1676.0,thousand barrels
2022-07,R30,PADD 3 — Gulf Coast,29.8,-95.4,8635.0,thousand barrels
2022-07,R40,PADD 4 — Rocky Mountain,43.0,-107.0,868.0,thousand barrels
2022-07,R50,PADD 5 — West Coast,37.0,-120.0,792.0,thousand barrels
2022-08,R10,PADD 1 — East Coast,39.0,-77.0,1831.0,thousand barrels
2022-08,R20,PADD 2 — Midwest,41.5,-93.0,1686.0,thousand barrels
2022-08,R30,PADD 3 — Gulf Coast,29.8,-95.4,8776.0,thousand barrels
2022-08,R40,PADD 4 — Rocky Mountain,43.0,-107.0,888.0,thousand barrels
2022-08,R50,PADD 5 — West Coast,37.0,-120.0,750.0,thousand barrels
2022-09,R10,PADD 1 — East Coast,39.0,-77.0,1759.0,thousand barrels
2022-09,R20,PADD 2 — Midwest,41.5,-93.0,1716.0,thousand barrels
2022-09,R30,PADD 3 — Gulf Coast,29.8,-95.4,9010.0,thousand barrels
2022-09,R40,PADD 4 — Rocky Mountain,43.0,-107.0,886.0,thousand barrels
2022-09,R50,PADD 5 — West Coast,37.0,-120.0,784.0,thousand barrels
2022-10,R10,PADD 1 — East Coast,39.0,-77.0,1753.0,thousand barrels
2022-10,R20,PADD 2 — Midwest,41.5,-93.0,1735.0,thousand barrels
2022-10,R30,PADD 3 — Gulf Coast,29.8,-95.4,9026.0,thousand barrels
2022-10,R40,PADD 4 — Rocky Mountain,43.0,-107.0,899.0,thousand barrels
2022-10,R50,PADD 5 — West Coast,37.0,-120.0,743.0,thousand barrels
2022-11,R10,PADD 1 — East Coast,39.0,-77.0,1768.0,thousand barrels
2022-11,R20,PADD 2 — Midwest,41.5,-93.0,1728.0,thousand barrels
2022-11,R30,PADD 3 — Gulf Coast,29.8,-95.4,9040.0,thousand barrels
2022-11,R40,PADD 4 — Rocky Mountain,43.0,-107.0,911.0,thousand barrels
2022-11,R50,PADD 5 — West Coast,37.0,-120.0,769.0,thousand barrels
2022-12,R10,PADD 1 — East Coast,39.0,-77.0,1787.0,thousand barrels
2022-12,R20,PADD 2 — Midwest,41.5,-93.0,1567.0,thousand barrels
2022-12,R30,PADD 3 — Gulf Coast,29.8,-95.4,8971.0,thousand barrels
2022-12,R40,PADD 4 — Rocky Mountain,43.0,-107.0,851.0,thousand barrels
2022-12,R50,PADD 5 — West Coast,37.0,-120.0,769.0,thousand barrels
2023-01,R10,PADD 1 — East Coast,39.0,-77.0,2035.0,thousand barrels
2023-01,R20,PADD 2 — Midwest,41.5,-93.0,1689.0,thousand barrels
2023-01,R30,PADD 3 — Gulf Coast,29.8,-95.4,9262.0,thousand barrels
2023-01,R40,PADD 4 — Rocky Mountain,43.0,-107.0,863.0,thousand barrels
2023-01,R50,PADD 5 — West Coast,37.0,-120.0,780.0,thousand barrels
2023-02,R10,PADD 1 — East Coast,39.0,-77.0,1949.0,thousand barrels
2023-02,R20,PADD 2 — Midwest,41.5,-93.0,1791.0,thousand barrels
2023-02,R30,PADD 3 — Gulf Coast,29.8,-95.4,9146.0,thousand barrels
2023-02,R40,PADD 4 — Rocky Mountain,43.0,-107.0,855.0,thousand barrels
2023-02,R50,PADD 5 — West Coast,37.0,-120.0,784.0,thousand barrels
2023-03,R10,PADD 1 — East Coast,39.0,-77.0,2080.0,thousand barrels
2023-03,R20,PADD 2 — Midwest,41.5,-93.0,1773.0,thousand barrels
2023-03,R30,PADD 3 — Gulf Coast,29.8,-95.4,9382.0,thousand barrels
2023-03,R40,PADD 4 — Rocky Mountain,43.0,-107.0,899.0,thousand barrels
2023-03,R50,PADD 5 — West Coast,37.0,-120.0,771.0,thousand barrels
2023-04,R10,PADD 1 — East Coast,39.0,-77.0,2008.0,thousand barrels
2023-04,R20,PADD 2 — Midwest,41.5,-93.0,1781.0,thousand barrels
2023-04,R30,PADD 3 — Gulf Coast,29.8,-95.4,9220.0,thousand barrels
2023-04,R40,PADD 4 — Rocky Mountain,43.0,-107.0,914.0,thousand barrels
2023-04,R50,PADD 5 — West Coast,37.0,-120.0,779.0,thousand barrels
2023-05,R10,PADD 1 — East Coast,39.0,-77.0,2085.0,thousand barrels
2023-05,R20,PADD 2 — Midwest,41.5,-93.0,1802.0,thousand barrels
2023-05,R30,PADD 3 — Gulf Coast,29.8,-95.4,9182.0,thousand barrels
2023-05,R40,PADD 4 — Rocky Mountain,43.0,-107.0,932.0,thousand barrels
2023-05,R50,PADD 5 — West Coast,37.0,-120.0,777.0,thousand barrels
2023-06,R10,PADD 1 — East Coast,39.0,-77.0,2081.0,thousand barrels
2023-06,R20,PADD 2 — Midwest,41.5,-93.0,1824.0,thousand barrels
2023-06,R30,PADD 3 — Gulf Coast,29.8,-95.4,9210.0,thousand barrels
2023-06,R40,PADD 4 — Rocky Mountain,43.0,-107.0,947.0,thousand barrels
2023-06,R50,PADD 5 — West Coast,37.0,-120.0,775.0,thousand barrels
2023-07,R10,PADD 1 — East Coast,39.0,-77.0,2186.0,thousand barrels
2023-07,R20,PADD 2 — Midwest,41.5,-93.0,1823.0,thousand barrels
2023-07,R30,PADD 3 — Gulf Coast,29.8,-95.4,9370.0,thousand barrels
2023-07,R40,PADD 4 — Rocky Mountain,43.0,-107.0,935.0,thousand barrels
2023-07,R50,PADD 5 — West Coast,37.0,-120.0,747.0,thousand barrels
2023-08,R10,PADD 1 — East Coast,39.0,-77.0,2215.0,thousand barrels
2023-08,R20,PADD 2 — Midwest,41.5,-93.0,1859.0,thousand barrels
2023-08,R30,PADD 3 — Gulf Coast,29.8,-95.4,9398.0,thousand barrels
2023-08,R40,PADD 4 — Rocky Mountain,43.0,-107.0,964.0,thousand barrels
2023-08,R50,PADD 5 — West Coast,37.0,-120.0,740.0,thousand barrels
2023-09,R10,PADD 1 — East Coast,39.0,-77.0,2036.0,thousand barrels
2023-09,R20,PADD 2 — Midwest,41.5,-93.0,1916.0,thousand barrels
2023-09,R30,PADD 3 — Gulf Coast,29.8,-95.4,9486.0,thousand barrels
2023-09,R40,PADD 4 — Rocky Mountain,43.0,-107.0,966.0,thousand barrels
2023-09,R50,PADD 5 — West Coast,37.0,-120.0,763.0,thousand barrels
2023-10,R10,PADD 1 — East Coast,39.0,-77.0,2187.0,thousand barrels
2023-10,R20,PADD 2 — Midwest,41.5,-93.0,1887.0,thousand barrels
2023-10,R30,PADD 3 — Gulf Coast,29.8,-95.4,294043.0,thousand barrels
2023-10,R40,PADD 4 — Rocky Mountain,43.0,-107.0,985.0,thousand barrels
2023-10,R50,PADD 5 — West Coast,37.0,-120.0,820.0,thousand barrels
2023-11,R10,PADD 1 — East Coast,39.0,-77.0,2041.0,thousand barrels
2023-11,R20,PADD 2 — Midwest,41.5,-93.0,1917.0,thousand barrels
2023-11,R30,PADD 3 — Gulf Coast,29.8,-95.4,9576.0,thousand barrels
2023-11,R40,PADD 4 — Rocky Mountain,43.0,-107.0,1011.0,thousand barrels
2023-11,R50,PADD 5 — West Coast,37.0,-120.0,772.0,thousand barrels
2023-12,R10,PADD 1 — East Coast,39.0,-77.0,1883.0,thousand barrels
2023-12,R20,PADD 2 — Midwest,41.5,-93.0,1907.0,thousand barrels
2023-12,R30,PADD 3 — Gulf Coast,29.8,-95.4,9565.0,thousand barrels
2023-12,R40,PADD 4 — Rocky Mountain,43.0,-107.0,1021.0,thousand barrels
2023-12,R50,PADD 5 — West Coast,37.0,-120.0,771.0,thousand barrels
2024-01,R10,PADD 1 — East Coast,39.0,-77.0,1857.0,thousand barrels
2024-01,R20,PADD 2 — Midwest,41.5,-93.0,1675.0,thousand barrels
2024-01,R30,PADD 3 — Gulf Coast,29.8,-95.4,9108.0,thousand barrels
2024-01,R40,PADD 4 — Rocky Mountain,43.0,-107.0,949.0,thousand barrels
2024-01,R50,PADD 5 — West Coast,37.0,-120.0,759.0,thousand barrels
2024-02,R10,PADD 1 — East Coast,39.0,-77.0,1600.0,thousand barrels
2024-02,R20,PADD 2 — Midwest,41.5,-93.0,1877.0,thousand barrels
2024-02,R30,PADD 3 — Gulf Coast,29.8,-95.4,9476.0,thousand barrels
2024-02,R40,PADD 4 — Rocky Mountain,43.0,-107.0,992.0,thousand barrels
2024-02,R50,PADD 5 — West Coast,37.0,-120.0,765.0,thousand barrels
2024-03,R10,PADD 1 — East Coast,39.0,-77.0,1651.0,thousand barrels
2024-03,R20,PADD 2 — Midwest,41.5,-93.0,1844.0,thousand barrels
2024-03,R30,PADD 3 — Gulf Coast,29.8,-95.4,9536.0,thousand barrels
2024-03,R40,PADD 4 — Rocky Mountain,43.0,-107.0,998.0,thousand barrels
2024-03,R50,PADD 5 — West Coast,37.0,-120.0,765.0,thousand barrels
2024-04,R10,PADD 1 — East Coast,39.0,-77.0,1711.0,thousand barrels
2024-04,R20,PADD 2 — Midwest,41.5,-93.0,1877.0,thousand barrels
2024-04,R30,PADD 3 — Gulf Coast,29.8,-95.4,9637.0,thousand barrels
2024-04,R40,PADD 4 — Rocky Mountain,43.0,-107.0,991.0,thousand barrels
2024-04,R50,PADD 5 — West Coast,37.0,-120.0,755.0,thousand barrels
2024-05,R10,PADD 1 — East Coast,39.0,-77.0,1731.0,thousand barrels
2024-05,R20,PADD 2 — Midwest,41.5,-93.0,1821.0,thousand barrels
2024-05,R30,PADD 3 — Gulf Coast,29.8,-95.4,9626.0,thousand barrels
2024-05,R40,PADD 4 — Rocky Mountain,43.0,-107.0,1008.0,thousand barrels
2024-05,R50,PADD 5 — West Coast,37.0,-120.0,742.0,thousand barrels
2024-06,R10,PADD 1 — East Coast,39.0,-77.0,1588.0,thousand barrels
2024-06,R20,PADD 2 — Midwest,41.5,-93.0,1800.0,thousand barrels
2024-06,R30,PADD 3 — Gulf Coast,29.8,-95.4,9682.0,thousand barrels
2024-06,R40,PADD 4 — Rocky Mountain,43.0,-107.0,994.0,thousand barrels
2024-06,R50,PADD 5 — West Coast,37.0,-120.0,714.0,thousand barrels
2024-07,R10,PADD 1 — East Coast,39.0,-77.0,1588.0,thousand barrels
2024-07,R20,PADD 2 — Midwest,41.5,-93.0,1785.0,thousand barrels
2024-07,R30,PADD 3 — Gulf Coast,29.8,-95.4,9676.0,thousand barrels
2024-07,R40,PADD 4 — Rocky Mountain,43.0,-107.0,993.0,thousand barrels
2024-07,R50,PADD 5 — West Coast,37.0,-120.0,723.0,thousand barrels
2024-08,R10,PADD 1 — East Coast,39.0,-77.0,1545.0,thousand barrels
2024-08,R20,PADD 2 — Midwest,41.5,-93.0,1800.0,thousand barrels
2024-08,R30,PADD 3 — Gulf Coast,29.8,-95.4,9843.0,thousand barrels
2024-08,R40,PADD 4 — Rocky Mountain,43.0,-107.0,1009.0,thousand barrels
2024-08,R50,PADD 5 — West Coast,37.0,-120.0,714.0,thousand barrels
2024-09,R10,PADD 1 — East Coast,39.0,-77.0,1424.0,thousand barrels
2024-09,R20,PADD 2 — Midwest,41.5,-93.0,1830.0,thousand barrels
2024-09,R30,PADD 3 — Gulf Coast,29.8,-95.4,9600.0,thousand barrels
2024-09,R40,PADD 4 — Rocky Mountain,43.0,-107.0,1024.0,thousand barrels
2024-09,R50,PADD 5 — West Coast,37.0,-120.0,726.0,thousand barrels
2024-10,R10,PADD 1 — East Coast,39.0,-77.0,1634.0,thousand barrels
2024-10,R20,PADD 2 — Midwest,41.5,-93.0,1828.0,thousand barrels
2024-10,R30,PADD 3 — Gulf Coast,29.8,-95.4,9914.0,thousand barrels
2024-10,R40,PADD 4 — Rocky Mountain,43.0,-107.0,1055.0,thousand barrels
2024-10,R50,PADD 5 — West Coast,37.0,-120.0,732.0,thousand barrels
2024-11,R10,PADD 1 — East Coast,39.0,-77.0,1446.0,thousand barrels
2024-11,R20,PADD 2 — Midwest,41.5,-93.0,1873.0,thousand barrels
2024-11,R30,PADD 3 — Gulf Coast,29.8,-95.4,9720.0,thousand barrels
2024-11,R40,PADD 4 — Rocky Mountain,43.0,-107.0,1095.0,thousand barrels
2024-11,R50,PADD 5 — West Coast,37.0,-120.0,755.0,thousand barrels
2024-12,R10,PADD 1 — East Coast,39.0,-77.0,1418.0,thousand barrels
2024-12,R20,PADD 2 — Midwest,41.5,-93.0,1843.0,thousand barrels
2024-12,R30,PADD 3 — Gulf Coast,29.8,-95.4,9827.0,thousand barrels
2024-12,R40,PADD 4 — Rocky Mountain,43.0,-107.0,1068.0,thousand barrels
2024-12,R50,PADD 5 — West Coast,37.0,-120.0,746.0,thousand barrels
2025-01,R10,PADD 1 — East Coast,39.0,-77.0,1446.0,thousand barrels
2025-01,R20,PADD 2 — Midwest,41.5,-93.0,1820.0,thousand barrels
2025-01,R30,PADD 3 — Gulf Coast,29.8,-95.4,9526.0,thousand barrels
2025-01,R40,PADD 4 — Rocky Mountain,43.0,-107.0,1025.0,thousand barrels
2025-01,R50,PADD 5 — West Coast,37.0,-120.0,750.0,thousand barrels
2025-02,R10,PADD 1 — East Coast,39.0,-77.0,1452.0,thousand barrels
2025-02,R20,PADD 2 — Midwest,41.5,-93.0,1784.0,thousand barrels
2025-02,R30,PADD 3 — Gulf Coast,29.8,-95.4,9655.0,thousand barrels
2025-02,R40,PADD 4 — Rocky Mountain,43.0,-107.0,1030.0,thousand barrels
2025-02,R50,PADD 5 — West Coast,37.0,-120.0,749.0,thousand barrels
2025-03,R10,PADD 1 — East Coast,39.0,-77.0,1490.0,thousand barrels
2025-03,R20,PADD 2 — Midwest,41.5,-93.0,1846.0,thousand barrels
2025-03,R30,PADD 3 — Gulf Coast,29.8,-95.4,9849.0,thousand barrels
2025-03,R40,PADD 4 — Rocky Mountain,43.0,-107.0,1043.0,thousand barrels
2025-03,R50,PADD 5 — West Coast,37.0,-120.0,741.0,thousand barrels
2025-04,R10,PADD 1 — East Coast,39.0,-77.0,1552.0,thousand barrels
2025-04,R20,PADD 2 — Midwest,41.5,-93.0,1831.0,thousand barrels
2025-04,R30,PADD 3 — Gulf Coast,29.8,-95.4,9904.0,thousand barrels
2025-04,R40,PADD 4 — Rocky Mountain,43.0,-107.0,1028.0,thousand barrels
2025-04,R50,PADD 5 — West Coast,37.0,-120.0,743.0,thousand barrels
2025-05,R10,PADD 1 — East Coast,39.0,-77.0,1859.0,thousand barrels
2025-05,R20,PADD 2 — Midwest,41.5,-93.0,1782.0,thousand barrels
2025-05,R30,PADD 3 — Gulf Coast,29.8,-95.4,9901.0,thousand barrels
2025-05,R40,PADD 4 — Rocky Mountain,43.0,-107.0,1052.0,thousand barrels
2025-05,R50,PADD 5 — West Coast,37.0,-120.0,741.0,thousand barrels
2025-06,R10,PADD 1 — East Coast,39.0,-77.0,1654.0,thousand barrels
2025-06,R20,PADD 2 — Midwest,41.5,-93.0,1828.0,thousand barrels
2025-06,R30,PADD 3 — Gulf Coast,29.8,-95.4,10001.0,thousand barrels
2025-06,R40,PADD 4 — Rocky Mountain,43.0,-107.0,1044.0,thousand barrels
2025-06,R50,PADD 5 — West Coast,37.0,-120.0,728.0,thousand barrels
2025-07,R10,PADD 1 — East Coast,39.0,-77.0,1686.0,thousand barrels
2025-07,R20,PADD 2 — Midwest,41.5,-93.0,1848.0,thousand barrels
2025-07,R30,PADD 3 — Gulf Coast,29.8,-95.4,10122.0,thousand barrels
2025-07,R40,PADD 4 — Rocky Mountain,43.0,-107.0,1036.0,thousand barrels
2025-07,R50,PADD 5 — West Coast,37.0,-120.0,664.0,thousand barrels
2025-08,R10,PADD 1 — East Coast,39.0,-77.0,1728.0,thousand barrels
2025-08,R20,PADD 2 — Midwest,41.5,-93.0,1830.0,thousand barrels
2025-08,R30,PADD 3 — Gulf Coast,29.8,-95.4,10222.0,thousand barrels
2025-08,R40,PADD 4 — Rocky Mountain,43.0,-107.0,1038.0,thousand barrels
2025-08,R50,PADD 5 — West Coast,37.0,-120.0,689.0,thousand barrels
2025-09,R10,PADD 1 — East Coast,39.0,-77.0,1767.0,thousand barrels
2025-09,R20,PADD 2 — Midwest,41.5,-93.0,1847.0,thousand barrels
2025-09,R30,PADD 3 — Gulf Coast,29.8,-95.4,10267.0,thousand barrels
2025-09,R40,PADD 4 — Rocky Mountain,43.0,-107.0,1025.0,thousand barrels
2025-09,R50,PADD 5 — West Coast,37.0,-120.0,719.0,thousand barrels
2025-10,R10,PADD 1 — East Coast,39.0,-77.0,1964.0,thousand barrels
2025-10,R20,PADD 2 — Midwest,41.5,-93.0,1849.0,thousand barrels
2025-10,R30,PADD 3 — Gulf Coast,29.8,-95.4,10338.0,thousand barrels
2025-10,R40,PADD 4 — Rocky Mountain,43.0,-107.0,1021.0,thousand barrels
2025-10,R50,PADD 5 — West Coast,37.0,-120.0,723.0,thousand barrels
2025-11,R10,PADD 1 — East Coast,39.0,-77.0,1753.0,thousand barrels
2025-11,R20,PADD 2 — Midwest,41.5,-93.0,1859.0,thousand barrels
2025-11,R30,PADD 3 — Gulf Coast,29.8,-95.4,10302.0,thousand barrels
2025-11,R40,PADD 4 — Rocky Mountain,43.0,-107.0,997.0,thousand barrels
2025-11,R50,PADD 5 — West Coast,37.0,-120.0,711.0,thousand barrels
2025-12,R10,PADD 1 — East Coast,39.0,-77.0,1947.0,thousand barrels
2025-12,R20,PADD 2 — Midwest,41.5,-93.0,1790.0,thousand barrels
2025-12,R30,PADD 3 — Gulf Coast,29.8,-95.4,10233.0,thousand barrels
2025-12,R40,PADD 4 — Rocky Mountain,43.0,-107.0,999.0,thousand barrels
2025-12,R50,PADD 5 — West Coast,37.0,-120.0,725.0,thousand barrels
2026-01,R10,PADD 1 — East Coast,39.0,-77.0,1762.0,thousand barrels
2026-01,R20,PADD 2 — Midwest,41.5,-93.0,1734.0,thousand barrels
2026-01,R30,PADD 3 — Gulf Coast,29.8,-95.4,9849.0,thousand barrels
2026-01,R40,PADD 4 — Rocky Mountain,43.0,-107.0,978.0,thousand barrels
2026-01,R50,PADD 5 — West Coast,37.0,-120.0,687.0,thousand barrels
2026-02,R10,PADD 1 — East Coast,39.0,-77.0,1845.0,thousand barrels
2026-02,R20,PADD 2 — Midwest,41.5,-93.0,1763.0,thousand barrels
2026-02,R30,PADD 3 — Gulf Coast,29.8,-95.4,10211.0,thousand barrels
2026-02,R40,PADD 4 — Rocky Mountain,43.0,-107.0,997.0,thousand barrels
2026-02,R50,PADD 5 — West Coast,37.0,-120.0,673.0,thousand barrels
2026-03,R10,PADD 1 — East Coast,39.0,-77.0,2030.0,thousand barrels
2026-03,R20,PADD 2 — Midwest,41.5,-93.0,1767.0,thousand barrels
2026-03,R30,PADD 3 — Gulf Coast,29.8,-95.4,10191.0,thousand barrels
2026-03,R40,PADD 4 — Rocky Mountain,43.0,-107.0,1018.0,thousand barrels
2026-03,R50,PADD 5 — West Coast,37.0,-120.0,684.0,thousand barrels
2026-04,R10,PADD 1 — East Coast,39.0,-77.0,1778.0,thousand barrels
2026-04,R20,PADD 2 — Midwest,41.5,-93.0,1768.0,thousand barrels
2026-04,R30,PADD 3 — Gulf Coast,29.8,-95.4,10440.0,thousand barrels
2026-04,R40,PADD 4 — Rocky Mountain,43.0,-107.0,1018.0,thousand barrels
2026-04,R50,PADD 5 — West Coast,37.0,-120.0,696.0,thousand barrels
2026-05,R10,PADD 1 — East Coast,39.0,-77.0,1701.0,thousand barrels
2026-05,R20,PADD 2 — Midwest,41.5,-93.0,1767.0,thousand barrels
2026-05,R30,PADD 3 — Gulf Coast,29.8,-95.4,10221.0,thousand barrels
2026-05,R40,PADD 4 — Rocky Mountain,43.0,-107.0,1009.0,thousand barrels
2026-05,R50,PADD 5 — West Coast,37.0,-120.0,703.0,thousand barrels
2026-06,R10,PADD 1 — East Coast,39.0,-77.0,1605.0,thousand barrels
2026-06,R20,PADD 2 — Midwest,41.5,-93.0,54657.0,thousand barrels
2026-06,R30,PADD 3 — Gulf Coast,29.8,-95.4,306065.0,thousand barrels
2026-06,R40,PADD 4 — Rocky Mountain,43.0,-107.0,30418.0,thousand barrels
2026-06,R50,PADD 5 — West Coast,37.0,-120.0,21015.0,thousand barrels
